{"cameraMode":{"drawMode":0,"name":"Shaded","section":"Shading Mode"},"sceneLighting":false,"audioPlay":false,"sceneViewState":{"showFog":true,"showMaterialUpdate":true,"showSkybox":true,"showFlares":true,"showImageEffects":true,"showParticleSystems":true},"in2DMode":false,"pivot":{"x":26.200944900512697,"y":-15.438299179077149,"z":17.820932388305665},"rotation":{"x":-0.40246424078941347,"y":0.019768603146076204,"z":-0.008693366311490536,"w":-0.9151808619499207},"size":22.659900665283204,"orthographic":false}